{"schemaVersion":"1.0","appDefinitionTemplate":{"id":"/providers/Microsoft.PowerApps/apps/","type":"Microsoft.PowerApps/apps","tags":{"primaryDeviceWidth":"640","primaryDeviceHeight":"1136","supportsPortrait":"true","supportsLandscape":"true","primaryFormFactor":"Phone","publisherVersion":"3.22062.5","minimumRequiredApiVersion":"2.2.0","hasComponent":"false","hasUnlockedComponent":"false","isUnifiedRootApp":"false","sienaVersion":"20220629T151606Z-3.22062.5.0"},"properties":{"appVersion":"2022-06-29T15:16:06Z","lifeCycleId":"Published","createdByClientVersion":{"major":3,"minor":22062,"build":5,"revision":0,"majorRevision":0,"minorRevision":0},"minClientVersion":{"major":3,"minor":22062,"build":5,"revision":0,"majorRevision":0,"minorRevision":0},"backgroundColor":"RGBA(0,176,240,1)","backgroundImageUri":"/2012651372141961647/Nba2aafab-b2dd-4f20-8145-10c2857f0d76-logoSmallFile","displayName":"Geolocalizacao","description":"","commitMessage":"","appUris":{"documentUri":{"value":"/2012651372141961647/N7cfba0a0-e0b8-439f-af67-67adca2cd488-document.msapp"},"imageUris":[]},"createdTime":"0001-01-01T00:00:00Z","lastModifiedTime":"0001-01-01T00:00:00Z","sharedGroupsCount":0,"sharedUsersCount":0,"icons":{"smallIconUri":"/2012651372141961647/Nbb91873b-fe32-440e-a78e-ead60b2a441b-small.png","mediumIconUri":"/2012651372141961647/N3ac8ae1e-c62e-4f4a-a81d-086b1a696016-medium.png","largeIconUri":"/2012651372141961647/N3570c04d-e6b1-45a6-97ce-c91529e6face-large.png","wideIconUri":"/2012651372141961647/N28d4f966-b246-45c9-9676-0515532ac72c-wide.png"},"connectionReferences":{"34c3144b-73a4-442d-a3bb-4b28e331b0bc":{"id":"61544b7e-2c44-480c-97c9-1f61f88beb32","displayName":"Serviços Espaciais","iconUri":"https://connectoricons-prod.azureedge.net/releases/v1.0.1578/1.0.1578.2811/microsoftspatialservices/icon.png","dataSources":["ServiçosEspaciais"],"dependencies":[],"dependents":[],"parameterHints":{},"parameterHintsV2":{},"isOnPremiseConnection":false,"bypassConsent":false,"dataSets":{},"apiTier":"Premium","isCustomApiConnection":false}},"databaseReferences":{},"almMode":"Environment","performanceOptimizationEnabled":true,"canConsumeAppPass":true,"executionRestrictions":{"isTeamsOnly":false,"dataLossPreventionEvaluationResult":{"status":"Compliant","lastEvaluationDate":"2022-06-29T15:12:03.2691932Z","violations":[],"violationsByPolicy":[],"violationErrorMessage":"O aplicativo usa os seguintes conectores: shared_microsoftspatialservices."}}},"appType":"ClassicCanvasApp","appComponents":[]}}